{"stats":{"minecraft:mined":{"minecraft:red_terracotta":1,"minecraft:white_terracotta":1,"minecraft:grass_block":1,"minecraft:oak_log":10,"minecraft:dead_bush":1,"minecraft:stone":7,"minecraft:oak_leaves":6,"visualworkbench:minecraft/crafting_table":3},"minecraft:picked_up":{"minecraft:stick":4,"minecraft:crafting_table":3,"minecraft:oak_log":10,"minecraft:white_terracotta":1,"minecraft:oak_sapling":4,"minecraft:red_terracotta":1,"minecraft:dirt":1,"minecraft:cobblestone":7},"minecraft:crafted":{"minecraft:oak_boat":2,"minecraft:oak_planks":40,"minecraft:stone_axe":1,"minecraft:crafting_table":1,"minecraft:stick":8,"minecraft:stone_pickaxe":1,"minecraft:wooden_pickaxe":1,"minecraft:wooden_axe":1},"minecraft:used":{"minecraft:stone_axe":1,"minecraft:wooden_axe":21,"minecraft:crafting_table":3,"minecraft:oak_sapling":4,"minecraft:stone_pickaxe":1,"minecraft:wooden_pickaxe":12},"minecraft:killed":{"minecraft:armadillo":2},"minecraft:custom":{"minecraft:time_since_rest":12110,"minecraft:crouch_one_cm":2672,"minecraft:play_time":12110,"minecraft:sprint_one_cm":23610,"minecraft:damage_taken":40,"minecraft:walk_one_cm":7463,"minecraft:sneak_time":665,"minecraft:mob_kills":2,"minecraft:jump":147,"minecraft:damage_dealt":242,"minecraft:leave_game":1,"minecraft:time_since_death":12110,"minecraft:total_world_time":12110,"minecraft:interact_with_crafting_table":5,"minecraft:fall_one_cm":6230,"minecraft:fly_one_cm":18528}},"DataVersion":3953}