{"stats":{"minecraft:mined":{"minecraft:oak_log":3,"visualworkbench:minecraft/crafting_table":1},"minecraft:picked_up":{"minecraft:stick":4,"minecraft:crafting_table":1,"minecraft:apple":1,"minecraft:oak_log":3,"minecraft:oak_sapling":2},"minecraft:used":{"minecraft:crafting_table":1},"minecraft:crafted":{"minecraft:oak_planks":12,"minecraft:crafting_table":1,"minecraft:stick":8,"minecraft:wooden_pickaxe":1},"minecraft:custom":{"minecraft:time_since_rest":1353,"minecraft:play_time":1353,"minecraft:sprint_one_cm":2160,"minecraft:damage_taken":20,"minecraft:walk_one_cm":2054,"minecraft:walk_under_water_one_cm":2398,"minecraft:jump":14,"minecraft:time_since_death":1353,"minecraft:walk_on_water_one_cm":1055,"minecraft:total_world_time":1353,"minecraft:swim_one_cm":127,"minecraft:interact_with_crafting_table":1,"minecraft:fall_one_cm":2187,"minecraft:fly_one_cm":2927}},"DataVersion":3953}